{"cameraMode":{"drawMode":0,"name":"Shaded","section":"Shading Mode"},"sceneLighting":false,"audioPlay":false,"sceneViewState":{"m_AlwaysRefresh":false,"showFog":true,"showSkybox":false,"showFlares":true,"showImageEffects":true,"showParticleSystems":true,"showVisualEffectGraphs":true,"m_FxEnabled":true},"in2DMode":false,"pivot":{"x":5.960464477539063e-8,"y":-0.07360953092575073,"z":-0.014444787055253983},"rotation":{"x":-0.022875720635056497,"y":-0.9770675897598267,"z":0.14226269721984864,"w":-0.15636463463306428},"size":0.2728327512741089,"orthographic":false}