{"cameraMode":{"drawMode":0,"name":"Shaded","section":"Shading Mode"},"sceneLighting":false,"audioPlay":false,"sceneViewState":{"m_AlwaysRefresh":false,"showFog":true,"showSkybox":false,"showFlares":true,"showImageEffects":true,"showParticleSystems":true,"showVisualEffectGraphs":true,"m_FxEnabled":true},"in2DMode":false,"pivot":{"x":4.1620001792907719,"y":1.1797959804534913,"z":-1.3365671634674073},"rotation":{"x":-0.007176029961556196,"y":-0.9818919897079468,"z":0.18537932634353639,"w":-0.03802100941538811},"size":0.8902194499969482,"orthographic":false}