{"cameraMode":{"drawMode":0,"name":"Shaded","section":"Shading Mode"},"sceneLighting":false,"audioPlay":false,"sceneViewState":{"m_AlwaysRefresh":false,"showFog":true,"showSkybox":false,"showFlares":true,"showImageEffects":true,"showParticleSystems":true,"showVisualEffectGraphs":true,"m_FxEnabled":true},"in2DMode":false,"pivot":{"x":4.1479997634887699,"y":1.1781672239303589,"z":-1.606637954711914},"rotation":{"x":-0.00013189963647164404,"y":-0.9942516088485718,"z":0.10689476877450943,"w":-0.0011950561311095954},"size":0.2195439636707306,"orthographic":false}