{"cameraMode":{"drawMode":0,"name":"Shaded","section":"Shading Mode"},"sceneLighting":true,"audioPlay":false,"sceneViewState":{"m_AlwaysRefresh":false,"showFog":true,"showSkybox":true,"showFlares":true,"showImageEffects":true,"showParticleSystems":true,"showVisualEffectGraphs":true,"m_FxEnabled":true},"in2DMode":false,"pivot":{"x":4.121776103973389,"y":1.262567162513733,"z":-1.0990700721740723},"rotation":{"x":-0.025110991671681405,"y":-0.9748642444610596,"z":0.15392519533634187,"w":-0.1590261310338974},"size":0.21954409778118134,"orthographic":false}