{"cameraMode":{"drawMode":0,"name":"Shaded","section":"Shading Mode"},"sceneLighting":true,"audioPlay":false,"sceneViewState":{"m_AlwaysRefresh":false,"showFog":true,"showSkybox":true,"showFlares":true,"showImageEffects":true,"showParticleSystems":true,"showVisualEffectGraphs":true,"m_FxEnabled":true},"in2DMode":false,"pivot":{"x":63.74464416503906,"y":24.90744400024414,"z":-8.380376815795899},"rotation":{"x":0.042623452842235568,"y":-0.2756670415401459,"z":-0.012362693436443806,"w":-0.9601583480834961},"size":58.334346771240237,"orthographic":false}