{"cameraMode":{"drawMode":0,"name":"Shaded","section":"Shading Mode"},"sceneLighting":false,"audioPlay":false,"sceneViewState":{"m_AlwaysRefresh":false,"showFog":true,"showSkybox":false,"showFlares":true,"showImageEffects":true,"showParticleSystems":true,"showVisualEffectGraphs":true,"m_FxEnabled":true},"in2DMode":false,"pivot":{"x":4.357078552246094,"y":1.1298038959503174,"z":-1.6590125560760499},"rotation":{"x":-0.01229838840663433,"y":-0.9798804521560669,"z":0.0638822615146637,"w":-0.18865720927715302},"size":0.29276901483535769,"orthographic":false}