{"cameraMode":{"drawMode":0,"name":"Shaded","section":"Shading Mode"},"sceneLighting":false,"audioPlay":false,"sceneViewState":{"m_AlwaysRefresh":false,"showFog":true,"showSkybox":false,"showFlares":true,"showImageEffects":true,"showParticleSystems":true,"showVisualEffectGraphs":true,"m_FxEnabled":true},"in2DMode":false,"pivot":{"x":5.960464477539063e-8,"y":0.5393505692481995,"z":-0.02930264174938202},"rotation":{"x":-0.007176029961556196,"y":-0.9818919897079468,"z":0.18537932634353639,"w":-0.03802100941538811},"size":2.0791726112365724,"orthographic":false}