{"cameraMode":{"drawMode":0,"name":"Shaded","section":"Shading Mode"},"sceneLighting":false,"audioPlay":false,"sceneViewState":{"m_AlwaysRefresh":false,"showFog":true,"showSkybox":false,"showFlares":true,"showImageEffects":true,"showParticleSystems":true,"showVisualEffectGraphs":true,"m_FxEnabled":true},"in2DMode":false,"pivot":{"x":5.960464477539063e-8,"y":0.5275434255599976,"z":-0.013328872621059418},"rotation":{"x":-0.001564649399369955,"y":-0.9969162940979004,"z":0.07551228255033493,"w":-0.020641475915908815},"size":0.873301088809967,"orthographic":false}