{"cameraMode":{"drawMode":0,"name":"Shaded","section":"Shading Mode"},"sceneLighting":false,"audioPlay":false,"sceneViewState":{"m_AlwaysRefresh":false,"showFog":true,"showSkybox":false,"showFlares":true,"showImageEffects":true,"showParticleSystems":true,"showVisualEffectGraphs":true,"m_FxEnabled":true},"in2DMode":false,"pivot":{"x":-0.0004227757453918457,"y":0.8309241533279419,"z":-0.002505958080291748},"rotation":{"x":0.09362142533063889,"y":0.1664556860923767,"z":-0.015878787264227868,"w":0.9814668297767639},"size":1.0818779468536378,"orthographic":false}