{"cameraMode":{"drawMode":0,"name":"Shaded","section":"Shading Mode"},"sceneLighting":false,"audioPlay":false,"sceneViewState":{"m_AlwaysRefresh":false,"showFog":true,"showSkybox":false,"showFlares":true,"showImageEffects":true,"showParticleSystems":true,"showVisualEffectGraphs":true,"m_FxEnabled":true},"in2DMode":false,"pivot":{"x":0.30908119678497317,"y":0.5499891638755798,"z":-0.2519385516643524},"rotation":{"x":-0.11791501194238663,"y":-0.5008649826049805,"z":0.06910208612680435,"w":-0.8546565771102905},"size":0.5791705846786499,"orthographic":false}