{"cameraMode":{"drawMode":0,"name":"Shaded","section":"Shading Mode"},"sceneLighting":false,"audioPlay":false,"sceneViewState":{"m_AlwaysRefresh":false,"showFog":true,"showSkybox":false,"showFlares":true,"showImageEffects":true,"showParticleSystems":true,"showVisualEffectGraphs":true,"m_FxEnabled":true},"in2DMode":false,"pivot":{"x":-0.32543110847473147,"y":0.452953577041626,"z":0.4692124128341675},"rotation":{"x":0.09709389507770539,"y":-0.21471770107746125,"z":0.02145581692457199,"w":0.9715933799743652},"size":0.5709879398345947,"orthographic":false}