{"cameraMode":{"drawMode":0,"name":"Shaded","section":"Shading Mode"},"sceneLighting":false,"audioPlay":false,"sceneViewState":{"m_AlwaysRefresh":false,"showFog":true,"showSkybox":false,"showFlares":true,"showImageEffects":true,"showParticleSystems":true,"showVisualEffectGraphs":true,"m_FxEnabled":true},"in2DMode":false,"pivot":{"x":4.161473751068115,"y":1.197801947593689,"z":-1.1252086162567139},"rotation":{"x":0.028744151815772058,"y":0.15530258417129517,"z":-0.004521512426435947,"w":0.9874383807182312},"size":0.3934609293937683,"orthographic":false}